First,Last,Cell,Birthdate
Dinesh,Prajapati, +14083890167,1997-01-01
Vimal,Gandhi, +17047244821,1997-01-02
Test,Number 1, +17047244822,1997-01-03
Test,Number 2, +17047244823,1997-01-04
Test,Number 3, +17047244824,1997-01-05
Test,Number 4, +17047244825,1997-01-06
Test,Number 5, +17047244826,1997-01-07
Test,Number 6, +17047244827,1997-01-08
Test,Number 7, +17047244828,1997-01-09
Test,Number 8, +17047244829,1997-01-10
Test,Number 9, +17047244830,1997-01-11
Test,Number 10, +17047244831,1997-01-12
Test,Number 11, +17047244832,1997-01-13
Test,Number 12, +17047244833,1997-01-14
Test,Number 13, +17047244834,1997-01-15
Test,Number 14, +17047244835,1997-01-16
Test,Number 15, +17047244836,1997-01-17
Test,Number 16, +17047244837,1997-01-18
Test,Number 17, +17047244838,1997-01-19
Test,Number 18, +17047244839,1997-01-20
Test,Number 19, +17047244840,1997-01-21
Test,Number 20, +17047244841,1997-01-22
Test,Number 21, +17047244842,1997-01-23
Test,Number 22, +17047244843,1997-01-24
Test,Number 23, +17047244844,1997-01-25
Test,Number 24, +17047244845,1997-01-26
Test,Number 25, +17047244846,1997-01-27
Test,Number 26, +17047244847,1997-01-28
Test,Number 27, +17047244848,1997-01-29
Test,Number 28, +17047244849,1997-01-30
Test,Number 29, +17047244850,1997-01-31
Test,Number 30, +17047244851,1997-02-01
Test,Number 31, +17047244852,1997-02-02
Test,Number 32, +17047244853,1997-02-03
Test,Number 33, +17047244854,1997-02-04
Test,Number 34, +17047244855,1997-02-05
Test,Number 35, +17047244856,1997-02-06
Test,Number 36, +17047244857,1997-02-07
Test,Number 37, +17047244858,1997-02-08
Test,Number 38, +17047244859,1997-02-09
Test,Number 39, +17047244860,1997-02-10
Test,Number 40, +17047244861,1997-02-11
Test,Number 41, +17047244862,1997-02-12
Test,Number 42, +17047244863,1997-02-13
Test,Number 43, +17047244864,1997-02-14
Test,Number 44, +17047244865,1997-02-15
Test,Number 45, +17047244866,1997-02-16
Test,Number 46, +17047244867,1997-02-17
Test,Number 47, +17047244868,1997-02-18
Test,Number 48, +17047244869,1997-02-19
Test,Number 49, +17047244870,1997-02-20
Test,Number 50, +17047244871,1997-02-21
Test,Number 51, +17047244872,1997-02-22
Test,Number 52, +17047244873,1997-02-23
Test,Number 53, +17047244874,1997-02-24
Test,Number 54, +17047244875,1997-02-25
Test,Number 55, +17047244876,1997-02-26
Test,Number 56, +17047244877,1997-02-27
Test,Number 57, +17047244878,1997-02-28
Test,Number 58, +17047244879,1997-03-01
Test,Number 59, +17047244880,1997-03-02
Test,Number 60, +17047244881,1997-03-03
Test,Number 61, +17047244882,1997-03-04
Test,Number 62, +17047244883,1997-03-05
Test,Number 63, +17047244884,1997-03-06
Test,Number 64, +17047244885,1997-03-07
Test,Number 65, +17047244886,1997-03-08
Test,Number 66, +17047244887,1997-03-09
Test,Number 67, +17047244888,1997-03-10
Test,Number 68, +17047244889,1997-03-11
Test,Number 69, +17047244890,1997-03-12
Test,Number 70, +17047244891,1997-03-13
Test,Number 71, +17047244892,1997-03-14
Test,Number 72, +17047244893,1997-03-15
Test,Number 73, +17047244894,1997-03-16
Test,Number 74, +17047244895,1997-03-17
Test,Number 75, +17047244896,1997-03-18
Test,Number 76, +17047244897,1997-03-19
Test,Number 77, +17047244898,1997-03-20
Test,Number 78, +17047244899,1997-03-21
Test,Number 79, +17047244900,1997-03-22
Test,Number 80, +17047244901,1997-03-23
Test,Number 81, +17047244902,1997-03-24
Test,Number 82, +17047244903,1997-03-25
Test,Number 83, +17047244904,1997-03-26
Test,Number 84, +17047244905,1997-03-27
Test,Number 85, +17047244906,1997-03-28
Test,Number 86, +17047244907,1997-03-29
Test,Number 87, +17047244908,1997-03-30
Test,Number 88, +17047244909,1997-03-31
Test,Number 89, +17047244910,1997-04-01
Test,Number 90, +17047244911,1997-04-02
Test,Number 91, +17047244912,1997-04-03
Test,Number 92, +17047244913,1997-04-04
Test,Number 93, +17047244914,1997-04-05
Test,Number 94, +17047244915,1997-04-06
Test,Number 95, +17047244916,1997-04-07
Test,Number 96, +17047244917,1997-04-08
Test,Number 97, +17047244918,1997-04-09
Test,Number 98, +17047244919,1997-04-10
Test,Number 99, +17047244920,1997-04-11
Test,Number 100, +17047244921,1997-04-12
Test,Number 101, +17047244922,1997-04-13
Test,Number 102, +17047244923,1997-04-14
Test,Number 103, +17047244924,1997-04-15
Test,Number 104, +17047244925,1997-04-16
Test,Number 105, +17047244926,1997-04-17
Test,Number 106, +17047244927,1997-04-18
Test,Number 107, +17047244928,1997-04-19
Test,Number 108, +17047244929,1997-04-20
Test,Number 109, +17047244930,1997-04-21
Test,Number 110, +17047244931,1997-04-22
Test,Number 111, +17047244932,1997-04-23
Test,Number 112, +17047244933,1997-04-24
Test,Number 113, +17047244934,1997-04-25
Test,Number 114, +17047244935,1997-04-26
Test,Number 115, +17047244936,1997-04-27
Test,Number 116, +17047244937,1997-04-28
Test,Number 117, +17047244938,1997-04-29
Test,Number 118, +17047244939,1997-04-30
Test,Number 119, +17047244940,1997-05-01
Test,Number 120, +17047244941,1997-05-02
Test,Number 121, +17047244942,1997-05-03
Test,Number 122, +17047244943,1997-05-04
Test,Number 123, +17047244944,1997-05-05
Test,Number 124, +17047244945,1997-05-06
Test,Number 125, +17047244946,1997-05-07
Test,Number 126, +17047244947,1997-05-08
Test,Number 127, +17047244948,1997-05-09
Test,Number 128, +17047244949,1997-05-10
Test,Number 129, +17047244950,1997-05-11
Test,Number 130, +17047244951,1997-05-12
Test,Number 131, +17047244952,1997-05-13
Test,Number 132, +17047244953,1997-05-14
Test,Number 133, +17047244954,1997-05-15
Test,Number 134, +17047244955,1997-05-16
Test,Number 135, +17047244956,1997-05-17
Test,Number 136, +17047244957,1997-05-18
Test,Number 137, +17047244958,1997-05-19
Test,Number 138, +17047244959,1997-05-20
Test,Number 139, +17047244960,1997-05-21
Test,Number 140, +17047244961,1997-05-22
Test,Number 141, +17047244962,1997-05-23
Test,Number 142, +17047244963,1997-05-24
Test,Number 143, +17047244964,1997-05-25
Test,Number 144, +17047244965,1997-05-26
Test,Number 145, +17047244966,1997-05-27
Test,Number 146, +17047244967,1997-05-28
Test,Number 147, +17047244968,1997-05-29
Test,Number 148, +17047244969,1997-05-30
Test,Number 149, +17047244970,1997-05-31
Test,Number 150, +17047244971,1997-06-01
Test,Number 151, +17047244972,1997-06-02
Test,Number 152, +17047244973,1997-06-03
Test,Number 153, +17047244974,1997-06-04
Test,Number 154, +17047244975,1997-06-05
Test,Number 155, +17047244976,1997-06-06
Test,Number 156, +17047244977,1997-06-07
Test,Number 157, +17047244978,1997-06-08
Test,Number 158, +17047244979,1997-06-09
Test,Number 159, +17047244980,1997-06-10
Test,Number 160, +17047244981,1997-06-11
Test,Number 161, +17047244982,1997-06-12
Test,Number 162, +17047244983,1997-06-13
Test,Number 163, +17047244984,1997-06-14
Test,Number 164, +17047244985,1997-06-15
Test,Number 165, +17047244986,1997-06-16
Test,Number 166, +17047244987,1997-06-17
Test,Number 167, +17047244988,1997-06-18
Test,Number 168, +17047244989,1997-06-19
Test,Number 169, +17047244990,1997-06-20
Test,Number 170, +17047244991,1997-06-21
Test,Number 171, +17047244992,1997-06-22
Test,Number 172, +17047244993,1997-06-23
Test,Number 173, +17047244994,1997-06-24
Test,Number 174, +17047244995,1997-06-25
Test,Number 175, +17047244996,1997-06-26
Test,Number 176, +17047244997,1997-06-27
Test,Number 177, +17047244998,1997-06-28
Test,Number 178, +17047244999,1997-06-29
Test,Number 179, +17047245000,1997-06-30
Test,Number 180, +17047245001,1997-07-01
Test,Number 181, +17047245002,1997-07-02
Test,Number 182, +17047245003,1997-07-03
Test,Number 183, +17047245004,1997-07-04
Test,Number 184, +17047245005,1997-07-05
Test,Number 185, +17047245006,1997-07-06
Test,Number 186, +17047245007,1997-07-07
Test,Number 187, +17047245008,1997-07-08
Test,Number 188, +17047245009,1997-07-09
Test,Number 189, +17047245010,1997-07-10
Test,Number 190, +17047245011,1997-07-11
Test,Number 191, +17047245012,1997-07-12
Test,Number 192, +17047245013,1997-07-13
Test,Number 193, +17047245014,1997-07-14
Test,Number 194, +17047245015,1997-07-15
Test,Number 195, +17047245016,1997-07-16
Test,Number 196, +17047245017,1997-07-17
Test,Number 197, +17047245018,1997-07-18
Test,Number 198, +17047245019,1997-07-19
Test,Number 199, +17047245020,1997-07-20
Test,Number 200, +17047245021,1997-07-21
Test,Number 201, +17047245022,1997-07-22
Test,Number 202, +17047245023,1997-07-23
Test,Number 203, +17047245024,1997-07-24
Test,Number 204, +17047245025,1997-07-25
Test,Number 205, +17047245026,1997-07-26
Test,Number 206, +17047245027,1997-07-27
Test,Number 207, +17047245028,1997-07-28
Test,Number 208, +17047245029,1997-07-29
Test,Number 209, +17047245030,1997-07-30
Test,Number 210, +17047245031,1997-07-31
Test,Number 211, +17047245032,1997-08-01
Test,Number 212, +17047245033,1997-08-02
Test,Number 213, +17047245034,1997-08-03
Test,Number 214, +17047245035,1997-08-04
Test,Number 215, +17047245036,1997-08-05
Test,Number 216, +17047245037,1997-08-06
Test,Number 217, +17047245038,1997-08-07
Test,Number 218, +17047245039,1997-08-08
Test,Number 219, +17047245040,1997-08-09
Test,Number 220, +17047245041,1997-08-10
Test,Number 221, +17047245042,1997-08-11
Test,Number 222, +17047245043,1997-08-12
Test,Number 223, +17047245044,1997-08-13
Test,Number 224, +17047245045,1997-08-14
Test,Number 225, +17047245046,1997-08-15
Test,Number 226, +17047245047,1997-08-16
Test,Number 227, +17047245048,1997-08-17
Test,Number 228, +17047245049,1997-08-18
Test,Number 229, +17047245050,1997-08-19
Test,Number 230, +17047245051,1997-08-20
Test,Number 231, +17047245052,1997-08-21
Test,Number 232, +17047245053,1997-08-22
Test,Number 233, +17047245054,1997-08-23
Test,Number 234, +17047245055,1997-08-24
Test,Number 235, +17047245056,1997-08-25
Test,Number 236, +17047245057,1997-08-26
Test,Number 237, +17047245058,1997-08-27
Test,Number 238, +17047245059,1997-08-28
Test,Number 239, +17047245060,1997-08-29
Test,Number 240, +17047245061,1997-08-30
Test,Number 241, +17047245062,1997-08-31
Test,Number 242, +17047245063,1997-09-01
Test,Number 243, +17047245064,1997-09-02
Test,Number 244, +17047245065,1997-09-03
Test,Number 245, +17047245066,1997-09-04
Test,Number 246, +17047245067,1997-09-05
Test,Number 247, +17047245068,1997-09-06
Test,Number 248, +17047245069,1997-09-07
Test,Number 249, +17047245070,1997-09-08
Test,Number 250, +17047245071,1997-09-09
Test,Number 251, +17047245072,1997-09-10
Test,Number 252, +17047245073,1997-09-11
Test,Number 253, +17047245074,1997-09-12
Test,Number 254, +17047245075,1997-09-13
Test,Number 255, +17047245076,1997-09-14
Test,Number 256, +17047245077,1997-09-15
Test,Number 257, +17047245078,1997-09-16
Test,Number 258, +17047245079,1997-09-17
Test,Number 259, +17047245080,1997-09-18
Test,Number 260, +17047245081,1997-09-19
Test,Number 261, +17047245082,1997-09-20
Test,Number 262, +17047245083,1997-09-21
Test,Number 263, +17047245084,1997-09-22
Test,Number 264, +17047245085,1997-09-23
Test,Number 265, +17047245086,1997-09-24
Test,Number 266, +17047245087,1997-09-25
Test,Number 267, +17047245088,1997-09-26
Test,Number 268, +17047245089,1997-09-27
Test,Number 269, +17047245090,1997-09-28
Test,Number 270, +17047245091,1997-09-29
Test,Number 271, +17047245092,1997-09-30
Test,Number 272, +17047245093,1997-10-01
Test,Number 273, +17047245094,1997-10-02
Test,Number 274, +17047245095,1997-10-03
Test,Number 275, +17047245096,1997-10-04
Test,Number 276, +17047245097,1997-10-05
Test,Number 277, +17047245098,1997-10-06
Test,Number 278, +17047245099,1997-10-07
Test,Number 279, +17047245100,1997-10-08
Test,Number 280, +17047245101,1997-10-09
Test,Number 281, +17047245102,1997-10-10
Test,Number 282, +17047245103,1997-10-11
Test,Number 283, +17047245104,1997-10-12
Test,Number 284, +17047245105,1997-10-13
Test,Number 285, +17047245106,1997-10-14
Test,Number 286, +17047245107,1997-10-15
Test,Number 287, +17047245108,1997-10-16
Test,Number 288, +17047245109,1997-10-17
Test,Number 289, +17047245110,1997-10-18
Test,Number 290, +17047245111,1997-10-19
Test,Number 291, +17047245112,1997-10-20
Test,Number 292, +17047245113,1997-10-21
Test,Number 293, +17047245114,1997-10-22
Test,Number 294, +17047245115,1997-10-23
Test,Number 295, +17047245116,1997-10-24
Test,Number 296, +17047245117,1997-10-25
Test,Number 297, +17047245118,1997-10-26
Test,Number 298, +17047245119,1997-10-27
Test,Number 299, +17047245120,1997-10-28
Test,Number 300, +17047245121,1997-10-29
Test,Number 301, +17047245122,1997-10-30
Test,Number 302, +17047245123,1997-10-31
Test,Number 303, +17047245124,1997-11-01
Test,Number 304, +17047245125,1997-11-02
Test,Number 305, +17047245126,1997-11-03
Test,Number 306, +17047245127,1997-11-04
Test,Number 307, +17047245128,1997-11-05
Test,Number 308, +17047245129,1997-11-06
Test,Number 309, +17047245130,1997-11-07
Test,Number 310, +17047245131,1997-11-08
Test,Number 311, +17047245132,1997-11-09
Test,Number 312, +17047245133,1997-11-10
Test,Number 313, +17047245134,1997-11-11
Test,Number 314, +17047245135,1997-11-12
Test,Number 315, +17047245136,1997-11-13
Test,Number 316, +17047245137,1997-11-14
Test,Number 317, +17047245138,1997-11-15
Test,Number 318, +17047245139,1997-11-16
Test,Number 319, +17047245140,1997-11-17
Test,Number 320, +17047245141,1997-11-18
Test,Number 321, +17047245142,1997-11-19
Test,Number 322, +17047245143,1997-11-20
Test,Number 323, +17047245144,1997-11-21
Test,Number 324, +17047245145,1997-11-22
Test,Number 325, +17047245146,1997-11-23
Test,Number 326, +17047245147,1997-11-24
Test,Number 327, +17047245148,1997-11-25
Test,Number 328, +17047245149,1997-11-26
Test,Number 329, +17047245150,1997-11-27
Test,Number 330, +17047245151,1997-11-28
Test,Number 331, +17047245152,1997-11-29
Test,Number 332, +17047245153,1997-11-30
Test,Number 333, +17047245154,1997-12-01
Test,Number 334, +17047245155,1997-12-02
Test,Number 335, +17047245156,1997-12-03
Test,Number 336, +17047245157,1997-12-04
Test,Number 337, +17047245158,1997-12-05
Test,Number 338, +17047245159,1997-12-06
Test,Number 339, +17047245160,1997-12-07
Test,Number 340, +17047245161,1997-12-08
Test,Number 341, +17047245162,1997-12-09
Test,Number 342, +17047245163,1997-12-10
Test,Number 343, +17047245164,1997-12-11
Test,Number 344, +17047245165,1997-12-12
Test,Number 345, +17047245166,1997-12-13
Test,Number 346, +17047245167,1997-12-14
Test,Number 347, +17047245168,1997-12-15
Test,Number 348, +17047245169,1997-12-16
Test,Number 349, +17047245170,1997-12-17
Test,Number 350, +17047245171,1997-12-18
Test,Number 351, +17047245172,1997-12-19
Test,Number 352, +17047245173,1997-12-20
Test,Number 353, +17047245174,1997-12-21
Test,Number 354, +17047245175,1997-12-22
Test,Number 355, +17047245176,1997-12-23
Test,Number 356, +17047245177,1997-12-24
Test,Number 357, +17047245178,1997-12-25
Test,Number 358, +17047245179,1997-12-26
Test,Number 359, +17047245180,1997-12-27
Test,Number 360, +17047245181,1997-12-28
Test,Number 361, +17047245182,1997-12-29
Test,Number 362, +17047245183,1997-12-30
Test,Number 363, +17047245184,1997-12-31
Test,Number 364, +17047245185,1998-01-01
Test,Number 365, +17047245186,1998-01-02
Test,Number 366, +17047245187,1998-01-03
Test,Number 367, +17047245188,1998-01-04
Test,Number 368, +17047245189,1998-01-05
Test,Number 369, +17047245190,1998-01-06
Test,Number 370, +17047245191,1998-01-07
Test,Number 371, +17047245192,1998-01-08
Test,Number 372, +17047245193,1998-01-09
Test,Number 373, +17047245194,1998-01-10
Test,Number 374, +17047245195,1998-01-11
Test,Number 375, +17047245196,1998-01-12
Test,Number 376, +17047245197,1998-01-13
Test,Number 377, +17047245198,1998-01-14
Test,Number 378, +17047245199,1998-01-15
Test,Number 379, +17047245200,1998-01-16
Test,Number 380, +17047245201,1998-01-17
Test,Number 381, +17047245202,1998-01-18
Test,Number 382, +17047245203,1998-01-19
Test,Number 383, +17047245204,1998-01-20
Test,Number 384, +17047245205,1998-01-21
Test,Number 385, +17047245206,1998-01-22
Test,Number 386, +17047245207,1998-01-23
Test,Number 387, +17047245208,1998-01-24
Test,Number 388, +17047245209,1998-01-25
Test,Number 389, +17047245210,1998-01-26
Test,Number 390, +17047245211,1998-01-27
Test,Number 391, +17047245212,1998-01-28
Test,Number 392, +17047245213,1998-01-29
Test,Number 393, +17047245214,1998-01-30
Test,Number 394, +17047245215,1998-01-31
Test,Number 395, +17047245216,1998-02-01
Test,Number 396, +17047245217,1998-02-02
Test,Number 397, +17047245218,1998-02-03
Test,Number 398, +17047245219,1998-02-04
Test,Number 399, +17047245220,1998-02-05
Test,Number 400, +17047245221,1998-02-06
Test,Number 401, +17047245222,1998-02-07
Test,Number 402, +17047245223,1998-02-08
Test,Number 403, +17047245224,1998-02-09
Test,Number 404, +17047245225,1998-02-10
Test,Number 405, +17047245226,1998-02-11
Test,Number 406, +17047245227,1998-02-12
Test,Number 407, +17047245228,1998-02-13
Test,Number 408, +17047245229,1998-02-14
Test,Number 409, +17047245230,1998-02-15
Test,Number 410, +17047245231,1998-02-16
Test,Number 411, +17047245232,1998-02-17
Test,Number 412, +17047245233,1998-02-18
Test,Number 413, +17047245234,1998-02-19
Test,Number 414, +17047245235,1998-02-20
Test,Number 415, +17047245236,1998-02-21
Test,Number 416, +17047245237,1998-02-22
Test,Number 417, +17047245238,1998-02-23
Test,Number 418, +17047245239,1998-02-24
Test,Number 419, +17047245240,1998-02-25
Test,Number 420, +17047245241,1998-02-26
Test,Number 421, +17047245242,1998-02-27
Test,Number 422, +17047245243,1998-02-28
Test,Number 423, +17047245244,1998-03-01
Test,Number 424, +17047245245,1998-03-02
Test,Number 425, +17047245246,1998-03-03
Test,Number 426, +17047245247,1998-03-04
Test,Number 427, +17047245248,1998-03-05
Test,Number 428, +17047245249,1998-03-06
Test,Number 429, +17047245250,1998-03-07
Test,Number 430, +17047245251,1998-03-08
Test,Number 431, +17047245252,1998-03-09
Test,Number 432, +17047245253,1998-03-10
Test,Number 433, +17047245254,1998-03-11
Test,Number 434, +17047245255,1998-03-12
Test,Number 435, +17047245256,1998-03-13
Test,Number 436, +17047245257,1998-03-14
Test,Number 437, +17047245258,1998-03-15
Test,Number 438, +17047245259,1998-03-16
Test,Number 439, +17047245260,1998-03-17
Test,Number 440, +17047245261,1998-03-18
Test,Number 441, +17047245262,1998-03-19
Test,Number 442, +17047245263,1998-03-20
Test,Number 443, +17047245264,1998-03-21
Test,Number 444, +17047245265,1998-03-22
Test,Number 445, +17047245266,1998-03-23
Test,Number 446, +17047245267,1998-03-24
Test,Number 447, +17047245268,1998-03-25
Test,Number 448, +17047245269,1998-03-26
Test,Number 449, +17047245270,1998-03-27
Test,Number 450, +17047245271,1998-03-28
Test,Number 451, +17047245272,1998-03-29
Test,Number 452, +17047245273,1998-03-30
Test,Number 453, +17047245274,1998-03-31
Test,Number 454, +17047245275,1998-04-01
Test,Number 455, +17047245276,1998-04-02
Test,Number 456, +17047245277,1998-04-03
Test,Number 457, +17047245278,1998-04-04
Test,Number 458, +17047245279,1998-04-05
Test,Number 459, +17047245280,1998-04-06
Test,Number 460, +17047245281,1998-04-07
Test,Number 461, +17047245282,1998-04-08
Test,Number 462, +17047245283,1998-04-09
Test,Number 463, +17047245284,1998-04-10
Test,Number 464, +17047245285,1998-04-11
Test,Number 465, +17047245286,1998-04-12
Test,Number 466, +17047245287,1998-04-13
Test,Number 467, +17047245288,1998-04-14
Test,Number 468, +17047245289,1998-04-15
Test,Number 469, +17047245290,1998-04-16
Test,Number 470, +17047245291,1998-04-17
Test,Number 471, +17047245292,1998-04-18
Test,Number 472, +17047245293,1998-04-19
Test,Number 473, +17047245294,1998-04-20
Test,Number 474, +17047245295,1998-04-21
Test,Number 475, +17047245296,1998-04-22
Test,Number 476, +17047245297,1998-04-23
Test,Number 477, +17047245298,1998-04-24
Test,Number 478, +17047245299,1998-04-25
Test,Number 479, +17047245300,1998-04-26
Test,Number 480, +17047245301,1998-04-27
Test,Number 481, +17047245302,1998-04-28
Test,Number 482, +17047245303,1998-04-29
Test,Number 483, +17047245304,1998-04-30
Test,Number 484, +17047245305,1998-05-01
Test,Number 485, +17047245306,1998-05-02
Test,Number 486, +17047245307,1998-05-03
Test,Number 487, +17047245308,1998-05-04
Test,Number 488, +17047245309,1998-05-05
Test,Number 489, +17047245310,1998-05-06
Test,Number 490, +17047245311,1998-05-07
Test,Number 491, +17047245312,1998-05-08
Test,Number 492, +17047245313,1998-05-09
Test,Number 493, +17047245314,1998-05-10
Test,Number 494, +17047245315,1998-05-11
Test,Number 495, +17047245316,1998-05-12
Test,Number 496, +17047245317,1998-05-13
Test,Number 497, +17047245318,1998-05-14
Test,Number 498, +17047245319,1998-05-15
Test,Number 499, +17047245320,1998-05-16
Test,Number 500, +17047245321,1998-05-17
Test,Number 501, +17047245322,1998-05-18
Test,Number 502, +17047245323,1998-05-19
Test,Number 503, +17047245324,1998-05-20
Test,Number 504, +17047245325,1998-05-21
Test,Number 505, +17047245326,1998-05-22
Test,Number 506, +17047245327,1998-05-23
Test,Number 507, +17047245328,1998-05-24
Test,Number 508, +17047245329,1998-05-25
Test,Number 509, +17047245330,1998-05-26
Test,Number 510, +17047245331,1998-05-27
Test,Number 511, +17047245332,1998-05-28
Test,Number 512, +17047245333,1998-05-29
Test,Number 513, +17047245334,1998-05-30
Test,Number 514, +17047245335,1998-05-31
Test,Number 515, +17047245336,1998-06-01
Test,Number 516, +17047245337,1998-06-02
Test,Number 517, +17047245338,1998-06-03
Test,Number 518, +17047245339,1998-06-04
Test,Number 519, +17047245340,1998-06-05
Test,Number 520, +17047245341,1998-06-06
Test,Number 521, +17047245342,1998-06-07
Test,Number 522, +17047245343,1998-06-08
Test,Number 523, +17047245344,1998-06-09
Test,Number 524, +17047245345,1998-06-10
Test,Number 525, +17047245346,1998-06-11
Test,Number 526, +17047245347,1998-06-12
Test,Number 527, +17047245348,1998-06-13
Test,Number 528, +17047245349,1998-06-14
Test,Number 529, +17047245350,1998-06-15
Test,Number 530, +17047245351,1998-06-16
Test,Number 531, +17047245352,1998-06-17
Test,Number 532, +17047245353,1998-06-18
Test,Number 533, +17047245354,1998-06-19
Test,Number 534, +17047245355,1998-06-20
Test,Number 535, +17047245356,1998-06-21
Test,Number 536, +17047245357,1998-06-22
Test,Number 537, +17047245358,1998-06-23
Test,Number 538, +17047245359,1998-06-24
Test,Number 539, +17047245360,1998-06-25
Test,Number 540, +17047245361,1998-06-26
Test,Number 541, +17047245362,1998-06-27
Test,Number 542, +17047245363,1998-06-28
Test,Number 543, +17047245364,1998-06-29
Test,Number 544, +17047245365,1998-06-30
Test,Number 545, +17047245366,1998-07-01
Test,Number 546, +17047245367,1998-07-02
Test,Number 547, +17047245368,1998-07-03
Test,Number 548, +17047245369,1998-07-04
Test,Number 549, +17047245370,1998-07-05
Test,Number 550, +17047245371,1998-07-06
Test,Number 551, +17047245372,1998-07-07
Test,Number 552, +17047245373,1998-07-08
Test,Number 553, +17047245374,1998-07-09
Test,Number 554, +17047245375,1998-07-10
Test,Number 555, +17047245376,1998-07-11
Test,Number 556, +17047245377,1998-07-12
Test,Number 557, +17047245378,1998-07-13
Test,Number 558, +17047245379,1998-07-14
Test,Number 559, +17047245380,1998-07-15
Test,Number 560, +17047245381,1998-07-16
Test,Number 561, +17047245382,1998-07-17
Test,Number 562, +17047245383,1998-07-18
Test,Number 563, +17047245384,1998-07-19
Test,Number 564, +17047245385,1998-07-20
Test,Number 565, +17047245386,1998-07-21
Test,Number 566, +17047245387,1998-07-22
Test,Number 567, +17047245388,1998-07-23
Test,Number 568, +17047245389,1998-07-24
Test,Number 569, +17047245390,1998-07-25
Test,Number 570, +17047245391,1998-07-26
Test,Number 571, +17047245392,1998-07-27
Test,Number 572, +17047245393,1998-07-28
Test,Number 573, +17047245394,1998-07-29
Test,Number 574, +17047245395,1998-07-30
Test,Number 575, +17047245396,1998-07-31
Test,Number 576, +17047245397,1998-08-01
Test,Number 577, +17047245398,1998-08-02
Test,Number 578, +17047245399,1998-08-03
Test,Number 579, +17047245400,1998-08-04
Test,Number 580, +17047245401,1998-08-05
Test,Number 581, +17047245402,1998-08-06
Test,Number 582, +17047245403,1998-08-07
Test,Number 583, +17047245404,1998-08-08
Test,Number 584, +17047245405,1998-08-09
Test,Number 585, +17047245406,1998-08-10
Test,Number 586, +17047245407,1998-08-11
Test,Number 587, +17047245408,1998-08-12
Test,Number 588, +17047245409,1998-08-13
Test,Number 589, +17047245410,1998-08-14
Test,Number 590, +17047245411,1998-08-15
Test,Number 591, +17047245412,1998-08-16
Test,Number 592, +17047245413,1998-08-17
Test,Number 593, +17047245414,1998-08-18
Test,Number 594, +17047245415,1998-08-19
Test,Number 595, +17047245416,1998-08-20
Test,Number 596, +17047245417,1998-08-21
Test,Number 597, +17047245418,1998-08-22